Code,Name,Parent Category Code,Image name
LD808,អាវស្រី,LD168,no_image.png
LD742,ខោ,LD168,no_image.png
LD902,អាវស្រី,LD168,no_image.png
LD653,អាវស្រី,LD168,no_image.png
LD889,អាវស្រី,LD168,no_image.png
LD100,អាវស្រី,LD168,no_image.png
LD618,អាវស្រី,LD168,no_image.png
LD853,អាវស្រី,LD168,no_image.png
LD731,អាវស្រី,LD168,no_image.png
LD530,អាវស្រី,LD168,no_image.png
LD413,អាវស្រី,LD168,no_image.png
LD915,អាវស្រី,LD168,no_image.png
LD982,អាវស្រី,LD168,no_image.png
LD527,អាវស្រី,LD168,no_image.png
LD935,អាវស្រី,LD168,no_image.png
LD654,អាវស្រី,LD168,no_image.png
LD652,អាវស្រី,LD168,no_image.png
LD270,អាវស្រី,LD168,no_image.png
LD172,អាវស្រី,LD168,no_image.png
LD427,អាវស្រី,LD168,no_image.png
LD390,អាវស្រី,LD168,no_image.png
LD275,អាវស្រី,LD168,no_image.png
LD969,អាវស្រី,LD168,no_image.png
LD795,អាវស្រី,LD168,no_image.png
LD448,អាវស្រី,LD168,no_image.png
LD948,អាវស្រី,LD168,no_image.png
LD222,អាវស្រី,LD168,no_image.png
LD425,អាវស្រី,LD168,no_image.png
LD469,អាវស្រី,LD168,no_image.png
LD716,អាវស្រី,LD168,no_image.png
LD997,អាវស្រី,LD168,no_image.png
LD510,អាវស្រី,LD168,no_image.png
LD646,អាវស្រី,LD168,no_image.png
LD423,អាវស្រី,LD168,no_image.png
LD518,អាវស្រី,LD168,no_image.png
LD730,អាវស្រី,LD168,no_image.png
LD573,អាវស្រី,LD168,no_image.png
LD815,អាវស្រី,LD168,no_image.png
LD691,អាវស្រី,LD168,no_image.png
LD484,អាវស្រី,LD168,no_image.png
LD488,អាវស្រី,LD168,no_image.png
LD751,អាវស្រី,LD168,no_image.png
LD725,អាវស្រី,LD168,no_image.png
LD439,អាវស្រី,LD168,no_image.png
LD583,អាវស្រី,LD168,no_image.png
LD178,អាវស្រី,LD168,no_image.png
LD465,អាវស្រី,LD168,no_image.png
LD931,អាវស្រី,LD168,no_image.png
LD194,អាវស្រី,LD168,no_image.png
LD565,អាវស្រី,LD168,no_image.png
LD900,អាវស្រី,LD168,no_image.png
LD413,អាវស្រី,LD168,no_image.png
LD923,អាវស្រី,LD168,no_image.png
LD520,អាវស្រី,LD168,no_image.png
LD631,អាវស្រី,LD168,no_image.png
LD943,អាវស្រី,LD168,no_image.png
LD649,រ៉ូប,LD168,no_image.png
LD957,អាវស្រី,LD168,no_image.png
LD881,អាវស្រី,LD168,no_image.png
LD329,អាវស្រី,LD168,no_image.png
LD917,អាវស្រី,LD168,no_image.png
LD867,អាវស្រី,LD168,no_image.png
LD888,អាវស្រី,LD168,no_image.png
LD793,អាវស្រី,LD168,no_image.png
LD873,អាវស្រី,LD168,no_image.png
LD965,ខោ,LD168,no_image.png
LD195,ខោ,LD168,no_image.png
LD183,ខោ,LD168,no_image.png
LD380,ខោ,LD168,no_image.png
LD887,ខោ,LD168,no_image.png
LD735,ខោស្វិត,LD168,no_image.png
LD986,អាវស្រី,LD168,no_image.png
LD533,អាវស្រី,LD168,no_image.png
LD652,អាវស្រី,LD168,no_image.png
LD351,អាវស្រី,LD168,no_image.png
LD534,អាវស្រី,LD168,no_image.png
LD427,អាវស្រី,LD168,no_image.png
LD639,អាវស្រី,LD168,no_image.png
LD221,អាវស្រី,LD168,no_image.png
LD919,អាវស្រី,LD168,no_image.png
LD951,អាវស្រី,LD168,no_image.png
LD931,អាវស្រី,LD168,no_image.png
LD766,អាវស្រី,LD168,no_image.png
LD612,រ៉ូប,LD168,no_image.png
LD476,រ៉ូប,LD168,no_image.png
LD320,អាវស្រី,LD168,no_image.png
LD780,ឈុត,LD168,no_image.png
LD873,ខោ,LD168,no_image.png
LD688,ខោ,LD168,no_image.png
LD871,ខោ,LD168,no_image.png
LD271,ឈុត,LD168,no_image.png
LD231,អាវស្រី,LD168,no_image.png
LD883,អាវស្រី,LD168,no_image.png
LD518,រ៉ូប,LD168,no_image.png
LD193,រ៉ូប,LD168,no_image.png
LD303,អាវស្រី,LD168,no_image.png
LD173,រ៉ូប,LD168,no_image.png
LD710,អាវស្រី,LD168,no_image.png
LD388,រ៉ូប,LD168,no_image.png
LD399,រ៉ូប,LD168,no_image.png
LD703,រ៉ូប,LD168,no_image.png
LD830,អាវស្រី,LD168,no_image.png
LD200,អាវស្រី,LD168,no_image.png
LD396,អាវស្រី,LD168,no_image.png
LD288,អាវស្រី,LD168,no_image.png
LD538,អាវស្រី,LD168,no_image.png
LD510,អាវស្រី,LD168,no_image.png
LD172,អាវស្រី,LD168,no_image.png
LD897,អាវស្រី,LD168,no_image.png
LD922,អាវស្រី,LD168,no_image.png
LD651,អាវស្រី,LD168,no_image.png
LD914,អាវស្រី,LD168,no_image.png
LD758,អាវស្រី,LD168,no_image.png
LD691,អាវស្រី,LD168,no_image.png
LD331,អាវស្រី,LD168,no_image.png
LD566,អាវស្រី,LD168,no_image.png
LD565,អាវស្រី,LD168,no_image.png
LD837,អាវស្រី,LD168,no_image.png
LD234,អាវស្រី,LD168,no_image.png
LD900,អាវស្រី,LD168,no_image.png
LD853,អាវស្រី,LD168,no_image.png
LD414,អាវស្រី,LD168,no_image.png
LD652,អាវស្រី,LD168,no_image.png
LD729,អាវស្រី,LD168,no_image.png
LD355,អាវស្រី,LD168,no_image.png
LD811,អាវស្រី,LD168,no_image.png
LD623,អាវស្រី,LD168,no_image.png
LD312,អាវស្រី,LD168,no_image.png
LD819,អាវស្រី,LD168,no_image.png
LD646,អាវស្រី,LD168,no_image.png
LD532,អាវស្រី,LD168,no_image.png
LD490,រ៉ូប,LD168,no_image.png
LD872,រ៉ូប,LD168,no_image.png
LD655,អាវស្រី,LD168,no_image.png
LD699,អាវស្រី,LD168,no_image.png
LD876,អាវស្រី,LD168,no_image.png
LD927,អាវស្រី,LD168,no_image.png
LD743,ខោខ្លី,LD168,no_image.png
KK1871,អាវក្មេងប្រុស,KK168,no_image.png
KK1996,អាវក្មេងប្រុស,KK168,no_image.png
KK1945,អាវក្មេងប្រុស,KK168,no_image.png
KK1993,អាវក្មេងប្រុស,KK168,no_image.png
KK1994,អាវក្មេងប្រុស,KK168,no_image.png
KK2114,អាវក្មេងប្រុស,KK168,no_image.png
KK1839,អាវក្មេងប្រុស,KK168,no_image.png
KK2105,ខោ,KK168,no_image.png
KK2115,ខោ,KK168,no_image.png
KK2116,ខោ,KK168,no_image.png
KK1779,ឈុត,KK168,no_image.png
KK1979,ឈុត,KK168,no_image.png
KK2137,ឈុត,KK168,no_image.png
KK1745,ឈុត,KK168,no_image.png
KK2193,ឈុត,KK168,no_image.png
KK1914,ឈុត,KK168,no_image.png
KK2245,ឈុត,KK168,no_image.png
KK2216,ឈុត,KK168,no_image.png
KK1822,ឈុត,KK168,no_image.png
KK1809,ឈុត,KK168,no_image.png
KK2048,ឈុត,KK168,no_image.png
KK2241,ឈុត,KK168,no_image.png
KK2186,ឈុត,KK168,no_image.png
KK2026,ខោ,KK168,no_image.png
KK1989,ខោ,KK168,no_image.png
KK2250,អាវក្មេងប្រុស,KK168,no_image.png
KK1963,អាវក្មេងប្រុស,KK168,no_image.png
KK2257,អាវក្មេងប្រុស,KK168,no_image.png
KK2296,ឈុត,KK168,no_image.png
KK1930,ឈុត,KK168,no_image.png
KK1584,ឈុត,KK168,no_image.png
KK2050,ឈុត,KK168,no_image.png
KK2261,ឈុត,KK168,no_image.png
KK2125,ឈុត,KK168,no_image.png
KK2197,ឈុត,KK168,no_image.png
KK2124,ឈុត,KK168,no_image.png
KK1935,ឈុត,KK168,no_image.png
KK1304,ឈុត,KK168,no_image.png
KK1581,ឈុត,KK168,no_image.png
KK1768,ឈុត,KK168,no_image.png
KK1953,ឈុត,KK168,no_image.png
KK1841,ឈុត,KK168,no_image.png
KK1959,ខោ,KK168,no_image.png
KK2277,ឈុត,KK168,no_image.png
KK2260,ឈុត,KK168,no_image.png
KK2280,ឈុត,KK168,no_image.png
KK1997,ឈុត,KK168,no_image.png
KK2097,ខោ,KK168,no_image.png
KK1787,ខោ,KK168,no_image.png
KK2099,ខោ,KK168,no_image.png
KK2115,ខោ,KK168,no_image.png
KK2025,ខោ,KK168,no_image.png
KK2029,អាវក្មេងប្រុស,KK168,no_image.png
KK1986,អាវក្មេងប្រុស,KK168,no_image.png
KK1845,អាវក្មេងប្រុស,KK168,no_image.png
KK2193,អាវក្មេងប្រុស,KK168,no_image.png
KK1738,អាវក្មេងប្រុស,KK168,no_image.png
KK1980,អាវក្មេងប្រុស,KK168,no_image.png
KD7626,ឈុត,KK168,no_image.png
KK2172,ឈុត,KK168,no_image.png
KK1304,ឈុត,KK168,no_image.png
KK1914,ឈុត,KK168,no_image.png
KK1894,ឈុត,KK168,no_image.png
KK2263,ឈុត,KK168,no_image.png
KK2294,ឈុត,KK168,no_image.png
KK2261,ឈុត,KK168,no_image.png
KK1584,ឈុត,KK168,no_image.png
KK2153,ឈុត,KK168,no_image.png
KK1314,ឈុត,KK168,no_image.png
KK1979,ឈុត,KK168,no_image.png
KK2244,ឈុត,KK168,no_image.png
KK2025,ខោ,KK168,no_image.png
KK2110,ខោ,KK168,no_image.png
KK2026,ខោ,KK168,no_image.png
KK2115,ខោ,KK168,no_image.png
KK2116,ខោ,KK168,no_image.png
KK1964,ខោ,KK168,no_image.png
KK1962,អាវក្មេងប្រុស,KK168,no_image.png
KK1894,ឈុត,KK168,no_image.png
KK2161,ឈុត,KK168,no_image.png
KK1636,ឈុត,KK168,no_image.png
KK2153,ឈុត,KK168,no_image.png
KK1822,ឈុត,KK168,no_image.png
KK2172,ឈុត,KK168,no_image.png
KK2220,ឈុត,KK168,no_image.png
KK2264,ឈុត,KK168,no_image.png
KK1811,ឈុត,KK168,no_image.png
KK2097,ខោ,KK168,no_image.png
KK1889,ឈុត,KK168,no_image.png
KK2042,ឈុត,KK168,no_image.png
KK2240,ឈុត,KK168,no_image.png
KK2193,ឈុត,KK168,no_image.png
KK1848,ឈុត,KK168,no_image.png
KK1351,ឈុត,KK168,no_image.png
KK2290,ឈុត,KK168,no_image.png
KK002,ខោ,KK168,no_image.png
KK1981,អាវក្មេងប្រុស,KK168,no_image.png
KK1963,អាវក្មេងប្រុស,KK168,no_image.png
KK2193,ឈុត,KK168,no_image.png
KK2162,ឈុត,KK168,no_image.png
KK2036,ឈុត,KK168,no_image.png
KK2291,ឈុត,KK168,no_image.png
KK1584,ឈុត,KK168,no_image.png
KK2265,ឈុត,KK168,no_image.png
KK1636,ឈុត,KK168,no_image.png
KK1945,ឈុត,KK168,no_image.png
KK1825,ឈុត,KK168,no_image.png
KK1778,ឈុត,KK168,no_image.png
KK2030,ខោ,KK168,no_image.png
KK1962,ឈុត,KK168,no_image.png
KK1747,ឈុត,KK168,no_image.png
KK1304,ឈុត,KK168,no_image.png
KK1941,ឈុត,KK168,no_image.png
KK2027,ខោ,KK168,no_image.png
KK2029,ខោ,KK168,no_image.png
KK2175,អាវក្មេងប្រុស,KK168,no_image.png
KK2036,អាវក្មេងប្រុស,KK168,no_image.png
KK2040,ឈុត,KK168,no_image.png
KK1938,ឈុត,KK168,no_image.png
KK1894,ឈុត,KK168,no_image.png
KK2138,ឈុត,KK168,no_image.png
KK2166,ឈុត,KK168,no_image.png
KK2139,ឈុត,KK168,no_image.png
KK1867,ឈុត,KK168,no_image.png
KK1305,ឈុត,KK168,no_image.png
KK1791,អាវក្មេងប្រុស,KK168,no_image.png
KK1508,អាវក្មេងប្រុស,KK168,no_image.png
KK1790,អាវក្មេងប្រុស,KK168,no_image.png
KK2034,អាវក្មេងប្រុស,KK168,no_image.png
KK1982,អាវក្មេងប្រុស,KK168,no_image.png
KK1824,ឈុត,KK168,no_image.png
KK2163,ឈុត,KK168,no_image.png
KK2170,ឈុត,KK168,no_image.png
KK1303,អាវក្មេងប្រុស,KK168,no_image.png
KK1983,អាវក្មេងប្រុស,KK168,no_image.png
KK1995,អាវក្មេងប្រុស,KK168,no_image.png
KK2085,អាវក្មេងប្រុស,KK168,no_image.png
KK2244,អាវក្មេងប្រុស,KK168,no_image.png
KK2002,អាវក្មេងប្រុស,KK168,no_image.png
KK1764,ឈុត,KK168,no_image.png
KK1808,ឈុត,KK168,no_image.png
KK1745,ឈុត,KK168,no_image.png
KK2070,ឈុត,KK168,no_image.png
KK2101,ខោ,KK168,no_image.png
KK1990,ខោ,KK168,no_image.png
KK2171,ឈុត,KK168,no_image.png
KK2198,ឈុត,KK168,no_image.png
KK1937,ឈុត,KK168,no_image.png
KK1943,ឈុត,KK168,no_image.png
KK1944,ឈុត,KK168,no_image.png
KK1877,ឈុត,KK168,no_image.png
KK1748,ឈុត,KK168,no_image.png
KK1935,ឈុត,KK168,no_image.png
KK2090,ឈុត,KK168,no_image.png
KK2050,ឈុត,KK168,no_image.png
KK2194,ឈុត,KK168,no_image.png
KK2236,ឈុត,KK168,no_image.png
KK2066,ឈុត,KK168,no_image.png
KK2240,ឈុត,KK168,no_image.png
KK2264,ឈុត,KK168,no_image.png
KK2149,អាវក្មេងប្រុស,KK168,no_image.png
KK2166,ឈុតគ្រួសារ,KK168,no_image.png
KK2142,ខោ,KK168,no_image.png
KK1709,ខោ,KK168,no_image.png
KK1803,ខោ,KK168,no_image.png
KK1580,ខោ,KK168,no_image.png
KK2246,ឈុត,KK168,no_image.png
KD7475,ខោក្មេងស្រី,KD168,no_image.png
KD6993,ឈុត,KD168,no_image.png
KD7347,ឈុត,KD168,no_image.png
KD7355,ឈុត,KD168,no_image.png
KD7121,ឈុត,KD168,no_image.png
KD7130,ឈុត,KD168,no_image.png
KD7566,ឈុត,KD168,no_image.png
KD7350,ឈុត,KD168,no_image.png
KD7493,រ៉ូប,KD168,no_image.png
KD7303,រ៉ូប,KD168,no_image.png
KD7055,អាវក្មេងស្រី,KD168,no_image.png
KD7052,អាវក្មេងស្រី,KD168,no_image.png
KD7596,ខោ,KD168,no_image.png
KD7495,ខោ,KD168,no_image.png
KD7613,ឈុត,KD168,no_image.png
KD7332,រ៉ូប,KD168,no_image.png
KD7114,រ៉ូប,KD168,no_image.png
KD7445,រ៉ូប,KD168,no_image.png
KD7059,ឈុត,KD168,no_image.png
KD6967,រ៉ូប,KD168,no_image.png
KD7349,ឈុត,KD168,no_image.png
KD7453,ឈុត,KD168,no_image.png
KD7728,ឈុត,KD168,no_image.png
KD2099,ខោ,KD168,no_image.png
KD6994,ឈុត,KD168,no_image.png
KD7626,ឈុត,KD168,no_image.png
KD6569,ឈុត,KD168,no_image.png
KD7080,ឈុត,KD168,no_image.png
KD7700,ឈុត,KD168,no_image.png
KD7435,ឈុត,KD168,no_image.png
KD7452,ឈុត,KD168,no_image.png
KD7565,ឈុត,KD168,no_image.png
KD7589,ឈុត,KD168,no_image.png
KD7386,ឈុត,KD168,no_image.png
KD7451,ឈុត,KD168,no_image.png
KD6839,ឈុត,KD168,no_image.png
KD7249,ឈុត,KD168,no_image.png
KD7039,ឈុត,KD168,no_image.png
KD7435,ឈុត,KD168,no_image.png
KD7454,ឈុត,KD168,no_image.png
KD7387,ឈុត,KD168,no_image.png
KD7603,ឈុត,KD168,no_image.png
KD7571,រ៉ូប,KD168,no_image.png
KD7646,រ៉ូប,KD168,no_image.png
KD7685,រ៉ូប,KD168,no_image.png
KD7665,រ៉ូប,KD168,no_image.png
KD7563,រ៉ូប,KD168,no_image.png
KD7622,រ៉ូប,KD168,no_image.png
KD7170,រ៉ូប,KD168,no_image.png
KD7450,រ៉ូប,KD168,no_image.png
KD7131,ឈុត,KD168,no_image.png
KD7609,រ៉ូប,KD168,no_image.png
KD7229,រ៉ូប,KD168,no_image.png
KD7393,រ៉ូប,KD168,no_image.png
KD7286,រ៉ូប,KD168,no_image.png
KD6859,រ៉ូប,KD168,no_image.png
KD7445,រ៉ូប,KD168,no_image.png
KD7139,រ៉ូប,KD168,no_image.png
KD6876,ឈុត,KD168,no_image.png
KD7135,រ៉ូប,KD168,no_image.png
KD6967,រ៉ូប,KD168,no_image.png
KD7559,រ៉ូប,KD168,no_image.png
KD001,រ៉ូប,KD168,no_image.png
KD7671,ឈុត,KD168,no_image.png
KD7045,ឈុត,KD168,no_image.png
KD1190,ឈុត,KD168,no_image.png
KD6874,ឈុត,KD168,no_image.png
KD7550,ឈុត,KD168,no_image.png
KD7079,ឈុត,KD168,no_image.png
KD7128,រ៉ូប,KD168,no_image.png
KD7551,ឈុត,KD168,no_image.png
KD6802,ឈុត,KD168,no_image.png
KD6878,ឈុត,KD168,no_image.png
KD7518,ឈុត,KD168,no_image.png
KD7167,ឈុត,KD168,no_image.png
KD7137,ឈុត,KD168,no_image.png
KD7012,ឈុត,KD168,no_image.png
KD7694,រ៉ូប,KD168,no_image.png
KD7134,ឈុត,KD168,no_image.png
KD7598,ឈុត,KD168,no_image.png
KD7665,ឈុត,KD168,no_image.png
KD7546,ឈុត,KD168,no_image.png
KD6848,ឈុត,KD168,no_image.png
KD6958,ឈុត,KD168,no_image.png
KD7606,ឈុត,KD168,no_image.png
KD7072,ឈុត,KD168,no_image.png
KD7604,ឈុត,KD168,no_image.png
KD7608,ឈុត,KD168,no_image.png
KD7188,ឈុត,KD168,no_image.png
KD7250,ឈុត,KD168,no_image.png
KD7496,ឈុត,KD168,no_image.png
KD7039,ឈុត,KD168,no_image.png
KD7525,ឈុត,KD168,no_image.png
KD7334,ឈុត,KD168,no_image.png
KD7052,ឈុត,KD168,no_image.png
KD7620,ឈុត,KD168,no_image.png
KD7635,ឈុត,KD168,no_image.png
KD6956,ឈុត,KD168,no_image.png
KD7702,ឈុត,KD168,no_image.png
KD7392,ឈុត,KD168,no_image.png
KD6570,ឈុត,KD168,no_image.png
KD6846,ឈុត,KD168,no_image.png
KD7079,ឈុត,KD168,no_image.png
KD7508,ឈុត,KD168,no_image.png
KD6871,ឈុត,KD168,no_image.png
KD7282,ឈុត,KD168,no_image.png
KD7352,ឈុត,KD168,no_image.png
KD6954,ឈុត,KD168,no_image.png
KD7118,ឈុត,KD168,no_image.png
KD7546,ឈុត,KD168,no_image.png
KD7451,ឈុត,KD168,no_image.png
KD7166,ឈុត,KD168,no_image.png
KD7392,ឈុត,KD168,no_image.png
KD7068,ឈុត,KD168,no_image.png
KD7083,ឈុត,KD168,no_image.png
KD6946,ឈុត,KD168,no_image.png
KD7612,ឈុត,KD168,no_image.png
KD7403,ឈុត,KD168,no_image.png
KK1709,ឈុត,KD168,no_image.png
KD7691,រ៉ូប,KD168,no_image.png
KD7523,រ៉ូប,KD168,no_image.png
KD6807,រ៉ូប,KD168,no_image.png
KD7503,រ៉ូប,KD168,no_image.png
KD7631,រ៉ូប,KD168,no_image.png
KD7647,រ៉ូប,KD168,no_image.png
KD7038,រ៉ូប,KD168,no_image.png
KD7524,រ៉ូប,KD168,no_image.png
KD7555,រ៉ូប,KD168,no_image.png
KD7139,រ៉ូប,KD168,no_image.png
KD7299,រ៉ូប,KD168,no_image.png
KD7286,រ៉ូប,KD168,no_image.png
KD7562,រ៉ូប,KD168,no_image.png
KD7453,រ៉ូប,KD168,no_image.png
KD7601,រ៉ូប,KD168,no_image.png
KD7559,រ៉ូប,KD168,no_image.png
KD7610,ឈុត,KD168,no_image.png
KD7500,ឈុត,KD168,no_image.png
KD7302,រ៉ូប,KD168,no_image.png
KD7059,ឈុត,KD168,no_image.png
KD7393,ឈុត,KD168,no_image.png
KD7509,ឈុត,KD168,no_image.png
KD6843,ឈុត,KD168,no_image.png
KD7393,ឈុត,KD168,no_image.png
KD7346,ឈុត,KD168,no_image.png
KD7347,ឈុត,KD168,no_image.png
KD6883,ឈុត,KD168,no_image.png
KD7513,ឈុត,KD168,no_image.png
KD7508,ឈុត,KD168,no_image.png
KD7524,ឈុត,KD168,no_image.png
KD7551,ឈុត,KD168,no_image.png
KD7230,ឈុត,KD168,no_image.png
KD2050,ឈុត,KD168,no_image.png
KD7688,ឈុត,KD168,no_image.png
KD7670,ឈុត,KD168,no_image.png
KD7635,ឈុត,KD168,no_image.png
KD7597,ឈុត,KD168,no_image.png
KD6816,ឈុត,KD168,no_image.png
KD6162,ឈុត,KD168,no_image.png
KD6870,ឈុត,KD168,no_image.png
KD1505,ឈុត,KD168,no_image.png
KD7300,ឈុត,KD168,no_image.png
KD7006,ឈុត,KD168,no_image.png
KD7301,ឈុត,KD168,no_image.png
KD6908,ឈុត,KD168,no_image.png
KD1647,ឈុត,KD168,no_image.png
KD7120,ឈុត,KD168,no_image.png
KD7296,ឈុត,KD168,no_image.png
KD7356,ឈុត,KD168,no_image.png
KD7547,ឈុត,KD168,no_image.png
KD7697,ឈុត,KD168,no_image.png
KD7698,ឈុត,KD168,no_image.png
KD7699,ឈុត,KD168,no_image.png
KD7700,រ៉ូប,KD168,no_image.png
KD7646,រ៉ូប,KD168,no_image.png
KD7154,រ៉ូប,KD168,no_image.png
KD6928,ឈុត,KD168,no_image.png
KD6875,ឈុត,KD168,no_image.png
KD7025,ឈុត,KD168,no_image.png
KD6836,ឈុត,KD168,no_image.png
KD7438,ឈុត,KD168,no_image.png
KD7647,ឈុត,KD168,no_image.png
KD7615,ឈុត,KD168,no_image.png
KD7352,ឈុត,KD168,no_image.png
KD7289,រ៉ូប,KD168,no_image.png
KD0002,រ៉ូប,KD168,no_image.png
KD6859,រ៉ូប,KD168,no_image.png
KD7051,ឈុត,KD168,no_image.png
KD7077,ឈុត,KD168,no_image.png
KD7702,រ៉ូប,KD168,no_image.png
KD7698,ឈុត,KD168,no_image.png
KD7675,ឈុត,KD168,no_image.png
KD7693,ឈុត,KD168,no_image.png
KD7253,ឈុត,KD168,no_image.png
KD7233,ឈុត,KD168,no_image.png
KD7140,ឈុត,KD168,no_image.png
KD7181,ឈុត,KD168,no_image.png
KD6969,រ៉ូប,KD168,no_image.png
KD7566,ឈុត,KD168,no_image.png
KD7407,ឈុត,KD168,no_image.png
KD7399,ឈុត,KD168,no_image.png
KD7340,រ៉ូប,KD168,no_image.png
KD6860,ឈុត,KD168,no_image.png
KD7107,រ៉ូប,KD168,no_image.png
KD7545,រ៉ូប,KD168,no_image.png
KD7332,រ៉ូប,KD168,no_image.png
KD7599,រ៉ូប,KD168,no_image.png
KD7589,រ៉ូប,KD168,no_image.png
KD7602,អាវក្មេងស្រី,KD168,no_image.png
KD7329,រ៉ូប,KD168,no_image.png
KD7531,រ៉ូប,KD168,no_image.png
KD7458,ឈុត,KD168,no_image.png
KD7630,រ៉ូប,KD168,no_image.png
KD7465,រ៉ូប,KD168,no_image.png
KD7038,អាវក្មេងស្រី,KD168,no_image.png
KD6949,ឈុត,KD168,no_image.png
KD7166,ឈុត,KD168,no_image.png
KD7290,រ៉ូប,KD168,no_image.png
KD7127,ឈុត,KD168,no_image.png
KD7461,ឈុត,KD168,no_image.png
KD7566,ឈុត,KD168,no_image.png
KD6875,ឈុត,KD168,no_image.png
KD7119,ឈុត,KD168,no_image.png
KD7546,ឈុត,KD168,no_image.png
KD7615,ឈុត,KD168,no_image.png
KD7602,រ៉ូប,KD168,no_image.png
KD7416,ឈុត,KD168,no_image.png
KD7516,រ៉ូប,KD168,no_image.png
KD7298,រ៉ូប,KD168,no_image.png
KD7513,ឈុត,KD168,no_image.png
KD6815,អាវក្មេងស្រី,KD168,no_image.png
KD7633,ឈុត,KD168,no_image.png
KD1111,រ៉ូប,KD168,no_image.png
KD7047,រ៉ូប,KD168,no_image.png
KD7140,ឈុត,KD168,no_image.png
KD7110,ឈុត,KD168,no_image.png
KD7189,ឈុត,KD168,no_image.png
KD7091,ឈុត,KD168,no_image.png
KD6909,អាវក្មេងស្រី,KD168,no_image.png
KD6877,ឈុត,KD168,no_image.png
KD7164,ឈុត,KD168,no_image.png
KD7030,ឈុត,KD168,no_image.png
KD7313,រ៉ូប,KD168,no_image.png
KD7330,រ៉ូប,KD168,no_image.png
KD7300,រ៉ូប,KD168,no_image.png
KD7033,រ៉ូប,KD168,no_image.png
KD7476,ខោ,KD168,no_image.png
KD7040,អាវក្មេងស្រី,KD168,no_image.png
KD6932,រ៉ូប,KD168,no_image.png
KD7418,ឈុត,KD168,no_image.png
KD6963,ឈុត,KD168,no_image.png
KD6836,អាវក្មេងស្រី,KD168,no_image.png
KD6889,ឈុត,KD168,no_image.png
KD7204,ឈុត,KD168,no_image.png
KD6912,ខោ,KD168,no_image.png
KD7687,រ៉ូប,KD168,no_image.png
KD6811,អាវក្មេងស្រី,KD168,no_image.png
KD7612,ឈុត,KD168,no_image.png
KD7607,ឈុត,KD168,no_image.png
KD7114,រ៉ូប,KD168,no_image.png
KD6852,ខោស្វិត,KD168,no_image.png
KD7474,ខោខ្លី,KD168,no_image.png
KD7165,ខោ,KD168,no_image.png
KD7588,ខោខ្លី,KD168,no_image.png
KD7479,ខោខ្លី,KD168,no_image.png
KD7504,ខោស្វិត,KD168,no_image.png
KD7480,ខោស្វិត,KD168,no_image.png
KD6809,ឈុត,KD168,no_image.png
KD7765,រ៉ូប,KD168,no_image.png
KS575,ស្បែកជើងក្រវ៉ាត់,KSG168,no_image.png
KS878,ស្បែកជើងក្រវ៉ាត់,KSG168,no_image.png
KS410,ស្បែកជើងក្រវ៉ាត់,KSG168,no_image.png
KS437,ស្បែកជើងក្រវ៉ាត់,KSG168,no_image.png
KS382,ស្បែកជើងក្រវ៉ាត់,KSG168,no_image.png
KS578,ស្បែកជើងក្រវ៉ាត់,KSG168,no_image.png
KS649,ស្បែកជើងក្រវ៉ាត់,KSG168,no_image.png
KS706,ស្បែកជើងក្រវ៉ាត់,KSG168,no_image.png
KS607,ស្បែកជើងក្រវ៉ាត់,KSG168,no_image.png
KS510,ស្បែកជើងក្រវ៉ាត់,KSG168,no_image.png
KS757,ស្បែកជើងក្រវ៉ាត់,KSG168,no_image.png
KS317,ស្បែកជើងក្រវ៉ាត់,KSG168,no_image.png
KS832,ស្បែកជើងក្រវ៉ាត់,KSG168,no_image.png
KS873,ស្បែកជើងក្រវ៉ាត់,KSG168,no_image.png
KS872,ស្បែកជើងក្រវ៉ាត់,KSG168,no_image.png
KS832,ស្បែកជើងក្រវ៉ាត់,KSG168,no_image.png
KS911,ស្បែកជើងក្រវ៉ាត់,KSG168,no_image.png
KS539,ស្បែកជើងក្រវ៉ាត់,KSG168,no_image.png
KS833,ស្បែកជើងក្រវ៉ាត់,KSG168,no_image.png
KS799,ស្បែកជើងក្រវ៉ាត់,KSG168,no_image.png
KS986,ស្បែកជើងក្រវ៉ាត់,KSG168,no_image.png
KS1020,ស្បែកជើងក្រវ៉ាត់,KSG168,no_image.png
KS1024,ស្បែកជើងក្រវ៉ាត់,KSG168,no_image.png
KS624,ស្បែកជើងប៉ាត់តា,KSG168,no_image.png
KS814,ស្បែកជើងប៉ាត់តា,KSG168,no_image.png
KS374,ស្បែកជើងប៉ាត់តា,KSG168,no_image.png
KS351,ស្បែកជើងប៉ាត់តា,KSG168,no_image.png
KS663,ស្បែកជើងប៉ាត់តា,KSG168,no_image.png
KS350,ស្បែកជើងប៉ាត់តា,KSG168,no_image.png
KS755,ស្បែកជើងប៉ាត់តា,KSG168,no_image.png
KS715,ស្បែកជើងប៉ាត់តា,KSG168,no_image.png
KS651,ស្បែកជើងប៉ាត់តា,KSG168,no_image.png
KS882,ស្បែកជើងប៉ាត់តា,KSG168,no_image.png
KS906,ស្បែកជើងស៊ក,KSG168,no_image.png
KS572,ស្បែកជើងស៊ក,KSG168,no_image.png
KS401,ស្បែកជើងស៊ក,KSG168,no_image.png
KS984,ស្បែកជើងស៊ក,KSG168,no_image.png
KS908,ស្បែកជើងស៊ក,KSG168,no_image.png
KS866,ស្បែកជើងស៊ក,KSG168,no_image.png
KS414,ស្បែកជើងឃ្លប់,KSG168,no_image.png
KS357,ស្បែកជើងឃ្លប់,KSG168,no_image.png
KS1017,ស្បែកជើងឃ្លប់,KSG168,no_image.png
KS721,ស្បែកជើងឃ្លប់,KSG168,no_image.png
KS879,ស្បែកជើងឃ្លប់,KSG168,no_image.png
KS428,ស្បែកជើងឃ្លប់,KSG168,no_image.png
KS189,ស្បែកជើងឃ្លប់,KSG168,no_image.png
KS321,ស្បែកជើងឃ្លប់,KSG168,no_image.png
KS865,ស្បែកជើងក្រវ៉ាត់,KSG168,no_image.png
KS328,ស្បែកជើងក្រវ៉ាត់,KSG168,no_image.png
KS711,ស្បែកជើងក្រវ៉ាត់,KSG168,no_image.png
KS598,ស្បែកជើងក្រវ៉ាត់,KSG168,no_image.png
KS840,ស្បែកជើងក្រវ៉ាត់,KSG168,no_image.png
KS552,ស្បែកជើងក្រវ៉ាត់,KSG168,no_image.png
KS816,ស្បែកជើងក្រវ៉ាត់,KSG168,no_image.png
KS701,ស្បែកជើងក្រវ៉ាត់,KSG168,no_image.png
KS1025,ស្បែកជើងក្រវ៉ាត់,KSG168,no_image.png
KS649,ស្បែកជើងក្រវ៉ាត់,KSG168,no_image.png
KS785,ស្បែកជើងក្រវ៉ាត់,KSG168,no_image.png
KS1012,ស្បែកជើងក្រវ៉ាត់,KSG168,no_image.png
KS789,ស្បែកជើងក្រវ៉ាត់,KSG168,no_image.png
KS1045,ស្បែកជើងក្រវ៉ាត់,KSG168,no_image.png
KS959,ស្បែកជើងស៊ក,KSG168,no_image.png
KS923,ស្បែកជើងឃ្លប់,KSG168,no_image.png
KS339,ស្បែកជើងឃ្លប់,KSG168,no_image.png
KS306,ស្បែកជើងឃ្លប់,KSG168,no_image.png
KS784,ស្បែកជើងឃ្លប់,KSG168,no_image.png
KS790,ស្បែកជើងឃ្លប់,KSG168,no_image.png
KS783,ស្បែកជើងឃ្លប់,KSG168,no_image.png
KS786,ស្បែកជើងឃ្លប់,KSG168,no_image.png
KS915,ស្បែកជើងឃ្លប់,KSG168,no_image.png
KS624,ស្បែកជើងឃ្លប់,KSG168,no_image.png
KS688,ស្បែកជើងឃ្លប់,KSG168,no_image.png
KS884,ស្បែកជើងប៉ាត់តា,KSG168,no_image.png
KS880,ស្បែកជើងប៉ាត់តា,KSG168,no_image.png
KS732,ស្បែកជើងស៊ក,KSG168,no_image.png
KS560,ស្បែកជើងក្រវ៉ាត់,KSB168,no_image.png
KS732,ស្បែកជើងក្រវ៉ាត់,KSB168,no_image.png
KS962,ស្បែកជើងក្រវ៉ាត់,KSB168,no_image.png
KS745,ស្បែកជើងក្រវ៉ាត់,KSB168,no_image.png
KS718,ស្បែកជើងក្រវ៉ាត់,KSB168,no_image.png
KS676,ស្បែកជើងក្រវ៉ាត់,KSB168,no_image.png
KS738,ស្បែកជើងក្រវ៉ាត់,KSB168,no_image.png
KS837,ស្បែកជើងក្រវ៉ាត់,KSB168,no_image.png
KS994,ស្បែកជើងក្រវ៉ាត់,KSB168,no_image.png
KS975,ស្បែកជើងក្រវ៉ាត់,KSB168,no_image.png
KS963,ស្បែកជើងក្រវ៉ាត់,KSB168,no_image.png
KS975,ស្បែកជើងក្រវ៉ាត់,KSB168,no_image.png
KS807,ស្បែកជើងក្រវ៉ាត់,KSB168,no_image.png
KS432,ស្បែកជើងក្រវ៉ាត់,KSB168,no_image.png
KS708,ស្បែកជើងក្រវ៉ាត់,KSB168,no_image.png
KS830,ស្បែកជើងក្រវ៉ាត់,KSB168,no_image.png
KS876,ស្បែកជើងក្រវ៉ាត់,KSB168,no_image.png
KS892,ស្បែកជើងក្រវ៉ាត់,KSB168,no_image.png
KS420,ស្បែកជើងក្រវ៉ាត់,KSB168,no_image.png
KS745,ស្បែកជើងក្រវ៉ាត់,KSB168,no_image.png
KS999,ស្បែកជើងក្រវ៉ាត់,KSB168,no_image.png
KS977,ស្បែកជើងក្រវ៉ាត់,KSB168,no_image.png
KS796,ស្បែកជើងក្រវ៉ាត់,KSB168,no_image.png
KS875,ស្បែកជើងក្រវ៉ាត់,KSB168,no_image.png
KS825,ស្បែកជើងក្រវ៉ាត់,KSB168,no_image.png
KS528,ស្បែកជើងស៊ក,KSB168,no_image.png
KS1006,ស្បែកជើងស៊ក,KSB168,no_image.png
KS869,ស្បែកជើងស៊ក,KSB168,no_image.png
KS827,ស្បែកជើងឃ្លប់,KSB168,no_image.png
KS750,ស្បែកជើងឃ្លប់,KSB168,no_image.png
KS566,ស្បែកជើងឃ្លប់,KSB168,no_image.png
KS790,ស្បែកជើងឃ្លប់,KSB168,no_image.png
KS175,ស្បែកជើងឃ្លប់,KSB168,no_image.png
KS812,ស្បែកជើងឃ្លប់,KSB168,no_image.png
KS713,ស្បែកជើងឃ្លប់,KSB168,no_image.png
KS341,ស្បែកជើងឃ្លប់,KSB168,no_image.png
KS716,ស្បែកជើងប៉ាត់តា,KSB168,no_image.png
KS856,ស្បែកជើងប៉ាត់តា,KSB168,no_image.png
KS185,ស្បែកជើងប៉ាត់តា,KSB168,no_image.png
KS418,ស្បែកជើងប៉ាត់តា,KSB168,no_image.png
KS713,ស្បែកជើងប៉ាត់តា,KSB168,no_image.png
KS178,ស្បែកជើងប៉ាត់តា,KSB168,no_image.png
KS570,ស្បែកជើងប៉ាត់តា,KSB168,no_image.png
KS1015,ស្បែកជើងប៉ាត់តា,KSB168,no_image.png
KS855,ស្បែកជើងប៉ាត់តា,KSB168,no_image.png
KS751,ស្បែកជើងប៉ាត់តា,KSB168,no_image.png
KS1011,ស្បែកជើងប៉ាត់តា,KSB168,no_image.png
KS1005,ស្បែកជើងប៉ាត់តា,KSB168,no_image.png
KS664,ស្បែកជើងប៉ាត់តា,KSB168,no_image.png
KS710,ស្បែកជើងប៉ាត់តា,KSB168,no_image.png
KS778,ស្បែកជើងប៉ាត់តា,KSB168,no_image.png
KS428,ស្បែកជើងប៉ាត់តា,KSB168,no_image.png
KS1028,ស្បែកជើងប៉ាត់តា,KSB168,no_image.png
KS747,ស្បែកជើងប៉ាត់តា,KSB168,no_image.png
KS1001,ស្បែកជើងប៉ាត់តា,KSB168,no_image.png
KS618,ស្បែកជើងប៉ាត់តា,KSB168,no_image.png
KS766,ស្បែកជើងប៉ាត់តា,KSB168,no_image.png
KS1000,ស្បែកជើងប៉ាត់តា,KSB168,no_image.png
KS1022,ស្បែកជើងប៉ាត់តា,KSB168,no_image.png
SH7592,ក្រវ៉ាតរាប,SH168,no_image.png
SH7776,ក្រវ៉ាតរាប,SH168,no_image.png
KH7609,ក្រវ៉ាតរាប,SH168,no_image.png
SH7211,ក្រវ៉ាតរាប,SH168,no_image.png
SH7707,ក្រវ៉ាតរាប,SH168,no_image.png
SH7738,ក្រវ៉ាតរាប,SH168,no_image.png
SH7592,ក្រវ៉ាតរាប,SH168,no_image.png
SH7536,ក្រវ៉ាតរាប,SH168,no_image.png
SH7590,ក្រវ៉ាតរាប,SH168,no_image.png
SH7641,ក្រវ៉ាតរាប,SH168,no_image.png
SH7529,ក្រវ៉ាតរាប,SH168,no_image.png
SH7808,អេស្កាបាំង,SH168,no_image.png
SH7642,អេស្កាបាំង,SH168,no_image.png
SH7356,អេស្កាបាំង,SH168,no_image.png
SH7228,អេស្កាបាំង,SH168,no_image.png
SH7387,អេស្កាបាំង,SH168,no_image.png
SH7633,អេស្កាបាំង,SH168,no_image.png
SH7410,អេស្កាបាំង,SH168,no_image.png
SH7715,ស្បែកជើងស៊ក,SH168,no_image.png
SH7723,ស្បែកជើងស៊ក,SH168,no_image.png
SH7769,ស្បែកជើងស៊ក,SH168,no_image.png
SH7219,ស្បែកជើងស៊ក,SH168,no_image.png
SH7740,ស្បែកជើងស៊ក,SH168,no_image.png
SH7630,ស្បែកជើងស៊ក,SH168,no_image.png
SH7803,ស្បែកជើងស៊ក,SH168,no_image.png
SH7624,ស្បែកជើងស៊ក,SH168,no_image.png
SH7616,ស្បែកជើងស៊ក,SH168,no_image.png
SH7595,ស្បែកជើងស៊ក,SH168,no_image.png
SH7427,ស្បែកជើងស៊ក,SH168,no_image.png
SH7727,ស្បែកជើងស៊ក,SH168,no_image.png
SH189,ស្បែកជើងស៊ក,SH168,no_image.png
SH7398,ស្បែកជើងឃ្លប់,SH168,no_image.png
SH7553,ស្បែកជើងឃ្លប់,SH168,no_image.png
SH7174,ស្បែកជើងកែង,SH168,no_image.png
SH7032,ស្បែកជើងកែង,SH168,no_image.png
SH7669,ស្បែកជើងកែង,SH168,no_image.png
SH7035,ស្បែកជើងកែង,SH168,no_image.png
SH7807,ស្បែកជើងកែង,SH168,no_image.png
SH103,ស្បែកជើងកែង,SH168,no_image.png
SH7417,ស្បែកជើងកែង,SH168,no_image.png
SH7822,ក្រវ៉ាតកែង,SH168,no_image.png
SH7779,ក្រវ៉ាតកែង,SH168,no_image.png
SH7778,ក្រវ៉ាតកែង,SH168,no_image.png
SH7687,ក្រវ៉ាតកែង,SH168,no_image.png
SH7631,ក្រវ៉ាតកែង,SH168,no_image.png
SH7543,ក្រវ៉ាតកែង,SH168,no_image.png
SH7603,ក្រវ៉ាតកែង,SH168,no_image.png
SH7542,ក្រវ៉ាតកែង,SH168,no_image.png
SH7136,ក្រវ៉ាតកែង,SH168,no_image.png
SH7671,ក្រវ៉ាតកែង,SH168,no_image.png
SH7577,ក្រវ៉ាតកែង,SH168,no_image.png
SH7101,ក្រវ៉ាតកែង,SH168,no_image.png
SH7396,ក្រវ៉ាតកែង,SH168,no_image.png
SH7684,ក្រវ៉ាតកែង,SH168,no_image.png
SH7771,ក្រវ៉ាតកែង,SH168,no_image.png
SH7611,ស្បែកជើងប៉ាត់តា,SH168,no_image.png
SH7756,ស្បែកជើងប៉ាត់តា,SH168,no_image.png
SH7450,ស្បែកជើងប៉ាត់តា,SH168,no_image.png
SH7570,ស្បែកជើងផ្ទាត់,SH168,no_image.png
SH7763,ស្បែកជើងផ្ទាត់,SH168,no_image.png
SH7738,ស្បែកជើងផ្ទាត់,SH168,no_image.png
SH7570,ស្បែកជើងផ្ទាត់,SH168,no_image.png
SH7288,ស្បែកជើងផ្ទាត់,SH168,no_image.png
SH7658,ស្បែកជើងផ្ទាត់,SH168,no_image.png
SH7783,ស្បែកជើងផ្ទាត់,SH168,no_image.png
